{"cameraMode":{"drawMode":0,"name":"Shaded","section":"Shading Mode"},"sceneLighting":false,"audioPlay":false,"sceneViewState":{"showFog":true,"showMaterialUpdate":false,"showSkybox":false,"showFlares":true,"showImageEffects":true,"showParticleSystems":true},"in2DMode":false,"pivot":{"x":1.5218541622161866,"y":9.826998710632325,"z":2.7129573822021486},"rotation":{"x":-0.06197594851255417,"y":0.9273439049720764,"z":-0.1776934266090393,"w":-0.32356154918670657},"size":12.12497615814209,"orthographic":false}