{"cameraMode":{"drawMode":0,"name":"Shaded","section":"Shading Mode"},"sceneLighting":true,"audioPlay":false,"sceneViewState":{"showFog":true,"showMaterialUpdate":false,"showSkybox":true,"showFlares":true,"showImageEffects":true,"showParticleSystems":true},"in2DMode":false,"pivot":{"x":-11.939600944519043,"y":5.50223445892334,"z":-1.1387344598770142},"rotation":{"x":0.2945627272129059,"y":0.4691753685474396,"z":-0.1696172058582306,"w":0.8150888681411743},"size":2.8578836917877199,"orthographic":false}